{
    "lidarvl53l5_sensor1": [
        -149.0,
        -39.99999999999998,
        -40.99999999999998,
        -149.0,
        -148.99999999999997,
        -82.0,
        -149.0,
        -149.00000000000003,
        -149.0,
        -130.0,
        -149.0,
        -149.0,
        -149.00000000000003,
        -149.00000000000003,
        -149.00000000000003,
        -130.0,
        -149.0,
        -149.0,
        -149.0,
        -149.0,
        -149.0,
        -149.0,
        -149.99999999999997,
        -148.0,
        -149.00000000000003,
        -149.00000000000003,
        -149.00000000000003,
        -149.00000000000003,
        -149.00000000000003,
        -149.00000000000003,
        -149.00000000000003,
        -149.00000000000003,
        -149.99999999999997,
        -149.99999999999997,
        -149.99999999999997,
        -149.99999999999997,
        -149.99999999999997,
        -149.00000000000003,
        -149.99999999999997,
        -149.99999999999997,
        -149.99999999999997,
        -149.00000000000003,
        -149.99999999999997,
        -149.0,
        -149.99999999999997,
        -149.99999999999997,
        -149.99999999999997,
        -149.00000000000003,
        -149.99999999999997,
        -149.99999999999997,
        -149.99999999999997,
        -149.99999999999997,
        -149.99999999999997,
        -149.99999999999997,
        -149.99999999999997,
        -149.99999999999997,
        -148.0,
        -148.0,
        -147.0,
        -149.0,
        -148.0,
        -147.0,
        -144.0,
        -149.0
    ],
    "lidarvl53l5_sensor2": [
        -149.0,
        -149.0,
        -148.00000000000006,
        -136.99999999999997,
        -149.00000000000003,
        -149.00000000000003,
        -149.0,
        -149.99999999999997,
        -148.00000000000003,
        -149.99999999999997,
        -147.00000000000003,
        -148.99999999999997,
        -149.00000000000003,
        -149.0,
        -149.0,
        -149.0,
        -149.99999999999997,
        -149.99999999999997,
        -149.99999999999997,
        -147.99999999999997,
        -149.99999999999997,
        -149.99999999999997,
        -148.00000000000003,
        -149.99999999999997,
        -149.99999999999997,
        -149.99999999999997,
        -149.99999999999997,
        -149.99999999999997,
        -149.99999999999997,
        -149.00000000000003,
        -149.99999999999997,
        -149.99999999999997,
        -149.99999999999997,
        -149.99999999999997,
        -149.99999999999997,
        -149.99999999999997,
        -149.99999999999997,
        -149.99999999999997,
        -149.00000000000003,
        -149.99999999999997,
        -149.0,
        -149.0,
        -149.0,
        -149.0,
        -149.0,
        -149.0,
        -149.0,
        -149.99999999999997,
        -149.0,
        -149.00000000000003,
        -149.0,
        -147.0,
        -149.00000000000003,
        -148.0,
        -149.0,
        -149.0,
        -146.99999999999997,
        -149.99999999999997,
        -149.99999999999997,
        -149.99999999999997,
        -149.99999999999997,
        -149.99999999999997,
        -149.99999999999997,
        -149.99999999999997
    ],
    "lidarvl53l5_sensor3": [
        1557.0,
        1598.0,
        439.0,
        1603.0,
        1606.0,
        1582.0,
        350.0,
        1609.0,
        337.0,
        368.0,
        375.0,
        358.0,
        340.0,
        333.0,
        393.0,
        392.0,
        373.0,
        379.0,
        362.0,
        379.0,
        359.0,
        337.0,
        344.0,
        329.0,
        548.0,
        532.0,
        505.0,
        532.0,
        535.0,
        504.0,
        503.0,
        568.0,
        466.0,
        464.0,
        466.0,
        479.0,
        483.0,
        486.0,
        493.0,
        491.0,
        398.0,
        396.0,
        399.0,
        411.0,
        416.0,
        419.0,
        415.0,
        427.0,
        346.0,
        349.0,
        355.0,
        358.0,
        359.0,
        366.0,
        365.0,
        361.0,
        295.0,
        305.0,
        308.0,
        312.0,
        313.0,
        312.0,
        316.0,
        312.0
    ],
    "lidarvl53l5_sensor4": [
        375.0,
        382.0,
        330.0,
        459.0,
        377.0,
        358.0,
        385.0,
        1513.0,
        357.0,
        351.0,
        327.0,
        402.0,
        383.0,
        398.0,
        356.0,
        356.0,
        411.0,
        365.0,
        383.0,
        372.0,
        379.0,
        374.0,
        373.0,
        325.0,
        494.0,
        475.0,
        514.0,
        522.0,
        499.0,
        506.0,
        494.0,
        478.0,
        485.0,
        465.0,
        477.0,
        490.0,
        476.0,
        486.0,
        494.0,
        496.0,
        410.0,
        421.0,
        425.0,
        421.0,
        418.0,
        425.0,
        423.0,
        421.0,
        362.0,
        369.0,
        371.0,
        371.0,
        369.0,
        368.0,
        369.0,
        364.0,
        314.0,
        316.0,
        320.0,
        323.0,
        323.0,
        319.0,
        318.0,
        310.0
    ]
}