{
    "lidarvl53l5_sensor1": [
        1456.8602377921582,
        1739.3050543362287,
        1077.0,
        2163.6213425429855,
        2183.3727630942035,
        2111.0,
        402.0,
        1198.9999999969004,
        1688.0,
        1249.413393067646,
        1072.0951125286683,
        409.72693719910274,
        370.93586426875163,
        423.0,
        1836.0,
        1210.6953120529713,
        985.9999999999894,
        982.0634688493051,
        915.326823199363,
        534.7986841399384,
        510.39488804292046,
        799.2250971508919,
        870.1679797023486,
        452.64824867318447,
        605.443224487177,
        598.6165815097421,
        594.3318849795149,
        567.1482831803738,
        578.9707600361074,
        580.5055180364953,
        584.1127273539574,
        608.1425105599669,
        500.9977158113327,
        501.2818363579117,
        484.6573209569157,
        502.7587404361283,
        487.29767476775334,
        492.4270933774922,
        494.820790168034,
        509.15549682106837,
        415.2235489205769,
        417.97151458009154,
        418.5934074579071,
        425.7527408504423,
        426.4962659862833,
        424.91169243830427,
        425.02856094922606,
        416.93530256453556,
        361.2897257613387,
        367.72915904042287,
        368.93318005329,
        372.56732341984906,
        366.53763193385083,
        368.1166549343431,
        367.4046727644053,
        365.9953814923244,
        316.12623038380065,
        315.7249033847316,
        322.1632876292936,
        324.03781231181716,
        322.61294206086353,
        317.82426838370753,
        315.59027861940746,
        310.50796354593393
    ],
    "lidarvl53l5_sensor2": [
        1844.2500002402812,
        372.0,
        405.9842529362795,
        358.0000032186508,
        2233.3299554934933,
        48.50006055473682,
        401.6633443101316,
        405.00000000022374,
        390.4766037103892,
        383.2436448608056,
        185.00000000515126,
        220.09821107097935,
        412.84404736757557,
        436.5106118023394,
        1018.1987085153843,
        371.3749999779498,
        714.6103995831381,
        496.3298980808805,
        676.4496316480048,
        643.6769017081668,
        487.1441653241061,
        593.5001643075326,
        633.7745159147073,
        596.4559646638342,
        521.7820771992901,
        477.71281878133067,
        519.9420220419688,
        485.0426655874071,
        471.52924847778775,
        496.7018969255507,
        504.94126970397986,
        527.3830985448578,
        467.8859903171661,
        439.1221335812291,
        452.95715315473325,
        444.4005449968336,
        459.26609097926377,
        440.1575552383724,
        426.3032913774691,
        433.42082660581667,
        379.3243719635763,
        389.0937149736878,
        387.63466783241216,
        389.00963675660995,
        393.4368748049964,
        395.54014467566117,
        367.66319292156794,
        378.4814884540677,
        334.26366851042883,
        329.4912335082133,
        335.3751043026482,
        338.0833365469014,
        339.64529196126836,
        332.2684543090513,
        343.772274174611,
        334.0342986817157,
        306.91029932751866,
        300.8993205124396,
        293.36950389013253,
        299.5812563482868,
        302.36789561562836,
        303.06040972368754,
        288.1600651299223,
        289.63708571500575
    ],
    "lidarvl53l5_sensor3": [
        1.7293187657148238e-57,
        1.6297103672148896e-57,
        1.5027741332698327e-57,
        1.4712847055925928e-57,
        1.4350554382905488e-57,
        1.4302459854399548e-57,
        1.3709645930009498e-57,
        1.4242987496814196e-57,
        1.7667730651464153e-57,
        1.7462042461965118e-57,
        1.658417264878432e-57,
        1.5494803712468595e-57,
        1.523459448541716e-57,
        1.533829876456354e-57,
        1.544170578313449e-57,
        1.634974331633415e-57,
        2.221295358674839e-57,
        1.900592939769635e-57,
        1.787371573786165e-57,
        1.6560242822438154e-57,
        1.6213850608727795e-57,
        1.6732540408458455e-57,
        1.6361923765658797e-57,
        1.7115175237064692e-57,
        3.094350739069329e-57,
        2.3675220646882055e-57,
        1.9618161050906784e-57,
        1.9328815639901206e-57,
        1.8485682185976426e-57,
        1.8205776152308273e-57,
        1.8942141043103148e-57,
        1.937401147538378e-57,
        4.520230412625634e-57,
        4.091583717693166e-57,
        3.7224198069179743e-57,
        2.989244792242743e-57,
        2.5958796912267654e-57,
        2.613860454080621e-57,
        2.561554423307341e-57,
        3.1685398727609976e-57,
        5.370223220833995e-57,
        5.355609379205806e-57,
        5.310182643116578e-57,
        5.229951558204564e-57,
        5.587696674131034e-57,
        5.22412714010841e-57,
        5.231604151953915e-57,
        6.604684946158804e-57,
        5.179567980017256e-57,
        5.269423728847886e-57,
        5.356093749532827e-57,
        5.368489861582432e-57,
        5.508515307343048e-57,
        5.411831545433947e-57,
        5.20660315637665e-57,
        5.557366908586167e-57,
        4.5333185808582615e-57,
        4.6368577290007284e-57,
        4.713021989393017e-57,
        4.7660057945699967e-57,
        4.7695383449494823e-57,
        4.774551939303576e-57,
        4.491550560833774e-57,
        4.7579390776890233e-57
    ],
    "lidarvl53l5_sensor4": [
        1.0921352002268664e-57,
        1.1202484785875172e-57,
        1.1669119967540513e-57,
        1.1668098899840114e-57,
        1.1930724704635821e-57,
        1.178140652340392e-57,
        1.2000519213388007e-57,
        1.33814568780842e-57,
        1.0376630444713194e-57,
        1.2267624464341232e-57,
        1.2228333377778289e-57,
        1.2543410986094315e-57,
        1.2246910176075693e-57,
        1.2228259405706388e-57,
        1.1499052231557236e-57,
        1.192964568452331e-57,
        1.2038259898380182e-57,
        1.3905177936297381e-57,
        1.4355204175692828e-57,
        1.4039431260420436e-57,
        1.3834000812752405e-57,
        1.4018172169105735e-57,
        1.293662872108572e-57,
        1.305061126981792e-57,
        1.5494466156292574e-57,
        1.479065649871352e-57,
        1.5334088222163283e-57,
        1.512670254703806e-57,
        1.5008601124322062e-57,
        1.5122057775736866e-57,
        1.544157661909863e-57,
        1.5948867966046263e-57,
        1.8758957688373806e-57,
        1.8538424399045916e-57,
        1.8820897663570778e-57,
        2.178777791268313e-57,
        2.2307943738470418e-57,
        2.4105482777439887e-57,
        2.6365305484560354e-57,
        2.733746956449056e-57,
        4.0009135398887425e-57,
        3.474560753612331e-57,
        3.779320426721598e-57,
        4.0493119339050146e-57,
        3.90964074280765e-57,
        3.7104684497088116e-57,
        3.6360351508284144e-57,
        3.7571253192606536e-57,
        4.323965987360621e-57,
        4.282268052844144e-57,
        4.297957620519402e-57,
        4.4176652621387137e-57,
        4.37460895964661e-57,
        4.345099457240724e-57,
        4.3084452222751033e-57,
        4.431291764422921e-57,
        4.6388686193876174e-57,
        4.5904830728954976e-57,
        4.6114070884949525e-57,
        4.611583535833256e-57,
        4.6153362214949526e-57,
        4.655848791749475e-57,
        4.7301760115354325e-57,
        4.722692713453544e-57
    ]
}