{"params": {"destination_floor": 2.0, "pick_or_place": true, "position": {"display": {"angle": 6.276349366352044, "x": -9.428997858408225, "y": 79.83956897691473}, "orientation": {"w": -0.999994158744812, "x": 0.0, "y": -0.0, "z": 0.0034179638605564833}, "position": {"x": -0.47144989994556213, "y": 3.991978508330851, "z": 0.0}}, "source_floor": 1}, "name": "elevator object on elevator", "type": "elevator", "next_action_type": "This is the last action"}
